k1,k2,k3,k4,test_total_pnl,sharpe_score
1.0,0.002,0.002,0.001,4450.122059447269,15.815275788217756
