split,accuracy,precision,recall,log_loss
train,0.578892574166206,0.6099508911904108,0.2810818162674169,0.6739087303479513
validation,0.5551225354707942,0.5231643138412613,0.2525795284907684,0.6857995589574178
test,0.556301824212272,0.520274032982135,0.25146009685235804,0.6855580707391103
